Datetime,Water Level (m)
2025-10-31 00:00:00,4.2644162e-05
2025-10-31 01:00:00,2.6382259e-05
2025-10-31 02:00:00,8.283858e-05
2025-10-31 03:00:00,0.0001655406
2025-10-31 04:00:00,0.00020422137
2025-10-31 05:00:00,0.00021672761
2025-10-31 06:00:00,0.00017953484
2025-10-31 07:00:00,0.00014774424
2025-10-31 08:00:00,0.00014812178
2025-10-31 09:00:00,0.00019062421
2025-10-31 10:00:00,0.00016789221
2025-10-31 11:00:00,8.807301e-05
2025-10-31 12:00:00,7.613756e-05
2025-10-31 13:00:00,5.712532e-05
2025-10-31 14:00:00,4.2399384e-05
2025-10-31 15:00:00,5.8919988e-05
2025-10-31 16:00:00,6.906279e-05
2025-10-31 17:00:00,7.024308e-05
2025-10-31 18:00:00,5.396542e-05
2025-10-31 19:00:00,5.088506e-05
2025-10-31 20:00:00,3.9323026e-05
2025-10-31 21:00:00,1.6604141e-05
2025-10-31 22:00:00,2.1824288e-05
2025-10-31 23:00:00,3.0669294e-06
2025-11-01 00:00:00,2.6464526e-05
2025-11-01 01:00:00,2.7083228e-05
2025-11-01 02:00:00,6.0336864e-05
2025-11-01 03:00:00,0.00014241663
2025-11-01 04:00:00,0.00019717564
2025-11-01 05:00:00,0.00021659418
2025-11-01 06:00:00,0.0002112426
2025-11-01 07:00:00,0.0001877959
2025-11-01 08:00:00,0.00018140643
2025-11-01 09:00:00,0.00017182103
2025-11-01 10:00:00,9.5276766e-05
2025-11-01 11:00:00,8.597211e-05
2025-11-01 12:00:00,5.0900817e-05
2025-11-01 13:00:00,3.2989832e-05
2025-11-01 14:00:00,6.255291e-05
2025-11-01 15:00:00,9.47922e-05
2025-11-01 16:00:00,9.780612e-05
2025-11-01 17:00:00,7.737735e-05
2025-11-01 18:00:00,6.093359e-05
2025-11-01 19:00:00,7.5692624e-05
2025-11-01 20:00:00,7.6407065e-05
2025-11-01 21:00:00,6.3355896e-05
2025-11-01 22:00:00,6.1971245e-05
2025-11-01 23:00:00,4.7063073e-05
2025-11-02 00:00:00,4.507271e-05
2025-11-02 01:00:00,4.89501e-05
2025-11-02 02:00:00,6.6139306e-05
2025-11-02 03:00:00,9.371652e-05
2025-11-02 04:00:00,0.000117774325
2025-11-02 05:00:00,0.00014993871
2025-11-02 06:00:00,0.00017132924
2025-11-02 07:00:00,0.00016724934
2025-11-02 08:00:00,0.00011986966
2025-11-02 09:00:00,6.305893e-05
2025-11-02 10:00:00,6.953329e-05
2025-11-02 11:00:00,8.0396094e-05
2025-11-02 12:00:00,6.613564e-05
2025-11-02 13:00:00,4.0178707e-05
2025-11-02 14:00:00,2.8731687e-05
2025-11-02 15:00:00,4.4050747e-05
2025-11-02 16:00:00,6.616304e-05
2025-11-02 17:00:00,8.110584e-05
2025-11-02 18:00:00,9.24738e-05
2025-11-02 19:00:00,8.742241e-05
2025-11-02 20:00:00,7.184056e-05
2025-11-02 21:00:00,4.829665e-05
2025-11-02 22:00:00,4.1315314e-05
2025-11-02 23:00:00,5.667392e-05
2025-11-03 00:00:00,7.156439e-05
2025-11-03 01:00:00,4.527778e-05
2025-11-03 02:00:00,4.146797e-06
2025-11-03 03:00:00,-1.8509345e-05
2025-11-03 04:00:00,-3.1460975e-05
2025-11-03 05:00:00,-1.7256385e-05
2025-11-03 06:00:00,4.8797997e-06
2025-11-03 07:00:00,2.1979857e-05
2025-11-03 08:00:00,2.5685444e-05
2025-11-03 09:00:00,1.5492453e-05
2025-11-03 10:00:00,-7.933764e-06
2025-11-03 11:00:00,-1.4913368e-05
2025-11-03 12:00:00,-3.82324e-06
2025-11-03 13:00:00,4.4636226e-06
2025-11-03 14:00:00,-1.0713749e-05
2025-11-03 15:00:00,-1.7222e-05
2025-11-03 16:00:00,-5.7792668e-06
2025-11-03 17:00:00,7.856999e-06
2025-11-03 18:00:00,2.3721714e-05
2025-11-03 19:00:00,3.0768406e-05
2025-11-03 20:00:00,2.895364e-05
2025-11-03 21:00:00,-5.3211756e-06
2025-11-03 22:00:00,-1.5593772e-05
2025-11-03 23:00:00,3.808276e-06
2025-11-04 00:00:00,1.8677243e-05
2025-11-04 01:00:00,2.6133293e-05
2025-11-04 02:00:00,9.02032e-06
2025-11-04 03:00:00,1.7492775e-05
2025-11-04 04:00:00,3.8318543e-05
2025-11-04 05:00:00,7.069924e-05
2025-11-04 06:00:00,8.489847e-05
2025-11-04 07:00:00,0.000103437604
2025-11-04 08:00:00,0.00010121068
2025-11-04 09:00:00,8.4597705e-05
2025-11-04 10:00:00,5.5491575e-05
2025-11-04 11:00:00,3.8171256e-05
2025-11-04 12:00:00,2.1169955e-05
2025-11-04 13:00:00,2.6920443e-05
2025-11-04 14:00:00,4.3818065e-05
2025-11-04 15:00:00,7.250039e-05
2025-11-04 16:00:00,7.429335e-05
2025-11-04 17:00:00,7.139832e-05
2025-11-04 18:00:00,8.590985e-05
2025-11-04 19:00:00,0.000100429046
2025-11-04 20:00:00,0.000106287385
2025-11-04 21:00:00,9.9051096e-05
2025-11-04 22:00:00,9.748989e-05
2025-11-04 23:00:00,9.969181e-05
2025-11-05 00:00:00,8.669819e-05
2025-11-05 01:00:00,7.801997e-05
2025-11-05 02:00:00,6.301759e-05
2025-11-05 03:00:00,4.3723063e-05
2025-11-05 04:00:00,5.467505e-05
2025-11-05 05:00:00,6.2164996e-05
2025-11-05 06:00:00,7.0716174e-05
2025-11-05 07:00:00,9.137033e-05
2025-11-05 08:00:00,0.00010732224
2025-11-05 09:00:00,0.000107967964
2025-11-05 10:00:00,0.00010402746
2025-11-05 11:00:00,8.116964e-05
2025-11-05 12:00:00,6.867417e-05
2025-11-05 13:00:00,7.80348e-05
2025-11-05 14:00:00,9.284648e-05
2025-11-05 15:00:00,8.792978e-05
2025-11-05 16:00:00,5.827082e-05
2025-11-05 17:00:00,4.0639356e-05
2025-11-05 18:00:00,3.864839e-05
2025-11-05 19:00:00,6.071767e-05
2025-11-05 20:00:00,9.05596e-05
2025-11-05 21:00:00,0.00010017408
2025-11-05 22:00:00,0.00011035021
2025-11-05 23:00:00,0.00010863403
2025-11-06 00:00:00,9.567353e-05
